feature,coef
mech_sum_unique_go,0.7540237469205914
mech_sum_unique_proteins,0.2886063482260664
num_reactions,0.2089163517293199
mech_weighted_sum,-0.039294000757022024
mech_sum_paths,-0.46402806990949136
