theme,k,n_targets,K,N_universe,odds_ratio,p_value,fdr_bh
Cell Adhesion,3,11,989,34737,12.832150101419879,0.0031990945696915374,0.010251574113630698
Immune System,4,11,2409,34737,7.67947727947728,0.005125787056815349,0.010251574113630698
Cell Death,2,11,828,34737,9.120258272800646,0.027062644723534292,0.036083526298045725
Oxidative Stress,1,11,399,34737,8.625125628140703,0.1193535832717742,0.1193535832717742
